{"credit":"Made by YOHEMAL.(@yohemal)","texture_size":[32,32],"textures":{"0":"block/white_concrete","1":"#texture","particle":"block/white_concrete"},"elements":[{"from":[7.51,0.3,7.73],"to":[8.49,8.5,8.27],"rotation":{"angle":0,"axis":"y","origin":[7.69,0,7.73]},"faces":{"north":{"uv":[0,0,1,1],"texture":"#0"},"east":{"uv":[0,0,1,1],"texture":"#0"},"south":{"uv":[0,0,1,1],"texture":"#0"},"west":{"uv":[0,0,1,1],"texture":"#0"},"down":{"uv":[0,0,1,1],"texture":"#0"}}},{"from":[6.19,8.41,7.73],"to":[9.81,9.09,8.27],"rotation":{"angle":0,"axis":"z","origin":[5.71,15.4,8]},"faces":{"north":{"uv":[0,0,1,1],"texture":"#0"},"east":{"uv":[0,0,1,1],"texture":"#0"},"south":{"uv":[0,0,1,1],"texture":"#0"},"west":{"uv":[0,0,1,1],"texture":"#0"},"up":{"uv":[0,0,1,1],"texture":"#0"},"down":{"uv":[0,0,1,1],"texture":"#0"}}},{"from":[2.57616,9.06916,7.73],"to":[6.49616,9.68916,8.27],"rotation":{"angle":-22.5,"axis":"z","origin":[4.68616,9.50916,8]},"faces":{"north":{"uv":[0,0,1,1],"texture":"#0"},"south":{"uv":[0,0,1,1],"texture":"#0"},"west":{"uv":[0,0,1,1],"texture":"#0"},"up":{"uv":[0,0,1,1],"texture":"#0"},"down":{"uv":[0,0,1,1],"texture":"#0"}}},{"from":[1.43359,11.16718,7.73],"to":[3.45359,11.71718,8.27],"rotation":{"angle":-45,"axis":"z","origin":[1.49359,11.60718,8]},"faces":{"north":{"uv":[0,0,1,1],"texture":"#0"},"south":{"uv":[0,0,1,1],"texture":"#0"},"west":{"uv":[0,0,1,1],"texture":"#0"},"up":{"uv":[0,0,1,1],"texture":"#0"},"down":{"uv":[0,0,1,1],"texture":"#0"}}},{"from":[0.53364,11.36704,7.73],"to":[1.02364,13.18704,8.27],"rotation":{"angle":22.5,"axis":"z","origin":[0.90864,12.87704,8]},"faces":{"north":{"uv":[0,0,1,1],"texture":"#0"},"east":{"uv":[0,0,1,1],"texture":"#0"},"south":{"uv":[0,0,1,1],"texture":"#0"},"west":{"uv":[0,0,1,1],"texture":"#0"},"up":{"uv":[0,0,1,1],"texture":"#0"}}},{"from":[0.44355,13.01994,7.73],"to":[0.89355,16.43994,8.27],"rotation":{"angle":0,"axis":"z","origin":[0.68855,13.92994,8]},"faces":{"north":{"uv":[0,0,1,1],"texture":"#0"},"east":{"uv":[0,0,1,1],"texture":"#0"},"south":{"uv":[0,0,1,1],"texture":"#0"},"west":{"uv":[0,0,1,1],"texture":"#0"}}},{"from":[0.87034,16.26553,7.73],"to":[1.29034,18.58553,8.27],"rotation":{"angle":-22.5,"axis":"z","origin":[1.09534,17.42553,8]},"faces":{"north":{"uv":[0,0,1,1],"texture":"#0"},"east":{"uv":[0,0,1,1],"texture":"#0"},"south":{"uv":[0,0,1,1],"texture":"#0"},"west":{"uv":[0,0,1,1],"texture":"#0"}}},{"from":[2.08572,18.08448,7.73],"to":[2.47572,20.40448,8.27],"rotation":{"angle":-45,"axis":"z","origin":[2.31072,19.24448,8]},"faces":{"north":{"uv":[0,0,1,1],"texture":"#0"},"east":{"uv":[0,0,1,1],"texture":"#0"},"south":{"uv":[0,0,1,1],"texture":"#0"},"west":{"uv":[0,0,1,1],"texture":"#0"}}},{"from":[2.95819,20.29258,7.73],"to":[5.27819,20.68258,8.27],"rotation":{"angle":22.5,"axis":"z","origin":[4.11819,20.48758,8]},"faces":{"north":{"uv":[0,0,1,1],"texture":"#0"},"south":{"uv":[0,0,1,1],"texture":"#0"},"up":{"uv":[0,0,1,1],"texture":"#0"},"down":{"uv":[0,0,1,1],"texture":"#0"}}},{"from":[9.50384,9.06916,7.73],"to":[13.42384,9.68916,8.27],"rotation":{"angle":22.5,"axis":"z","origin":[11.31384,9.50916,8]},"faces":{"north":{"uv":[0,0,1,1],"texture":"#0"},"east":{"uv":[0,0,1,1],"texture":"#0"},"south":{"uv":[0,0,1,1],"texture":"#0"},"up":{"uv":[0,0,1,1],"texture":"#0"},"down":{"uv":[0,0,1,1],"texture":"#0"}}},{"from":[6.19,11.58,7.73],"to":[9.81,11.89,8.27],"rotation":{"angle":0,"axis":"z","origin":[5.71,4.9,8]},"faces":{"north":{"uv":[0,1,1,0],"texture":"#0"},"east":{"uv":[0,1,1,0],"texture":"#0"},"south":{"uv":[0,1,1,0],"texture":"#0"},"west":{"uv":[0,1,1,0],"texture":"#0"},"up":{"uv":[0,1,1,0],"texture":"#0"},"down":{"uv":[0,1,1,0],"texture":"#0"}}},{"from":[9.50384,10.91084,7.73],"to":[10.42384,11.23084,8.27],"rotation":{"angle":-22.5,"axis":"z","origin":[11.31384,10.79084,8]},"faces":{"north":{"uv":[0,1,1,0],"texture":"#0"},"east":{"uv":[0,1,1,0],"texture":"#0"},"south":{"uv":[0,1,1,0],"texture":"#0"},"up":{"uv":[0,1,1,0],"texture":"#0"},"down":{"uv":[0,1,1,0],"texture":"#0"}}},{"from":[10.44746,10.92488,7.73],"to":[11.56746,11.24488,8.27],"rotation":{"angle":-45,"axis":"z","origin":[10.90746,11.13488,8]},"faces":{"north":{"uv":[0,1,1,0],"texture":"#0"},"east":{"uv":[0,1,1,0],"texture":"#0"},"south":{"uv":[0,1,1,0],"texture":"#0"},"up":{"uv":[0,1,1,0],"texture":"#0"},"down":{"uv":[0,1,1,0],"texture":"#0"}}},{"from":[11.31634,9.81889,7.73],"to":[11.63634,10.73889,8.27],"rotation":{"angle":22.5,"axis":"z","origin":[11.52634,10.27889,8]},"faces":{"north":{"uv":[0,1,1,0],"rotation":270,"texture":"#0"},"east":{"uv":[0,1,1,0],"rotation":90,"texture":"#0"},"south":{"uv":[0,1,1,0],"rotation":90,"texture":"#0"},"west":{"uv":[0,1,1,0],"rotation":90,"texture":"#0"},"down":{"uv":[0,1,1,0],"rotation":90,"texture":"#0"}}},{"from":[6.24634,10.54889,7.83],"to":[6.46634,13.35889,8.17],"rotation":{"angle":22.5,"axis":"z","origin":[10.75634,11.00889,8.1]},"faces":{"north":{"uv":[0,1,1,0],"rotation":270,"texture":"#0"},"east":{"uv":[0,1,1,0],"rotation":90,"texture":"#0"},"south":{"uv":[0,1,1,0],"rotation":90,"texture":"#0"},"west":{"uv":[0,1,1,0],"rotation":90,"texture":"#0"},"down":{"uv":[0,1,1,0],"rotation":90,"texture":"#0"}}},{"from":[5.22963,8.53315,7.83],"to":[5.44963,10.83315,8.17],"rotation":{"angle":45,"axis":"z","origin":[5.33963,9.93815,8.1]},"faces":{"north":{"uv":[0,1,1,0],"rotation":270,"texture":"#0"},"east":{"uv":[0,1,1,0],"rotation":90,"texture":"#0"},"south":{"uv":[0,1,1,0],"rotation":90,"texture":"#0"},"west":{"uv":[0,1,1,0],"rotation":90,"texture":"#0"},"down":{"uv":[0,1,1,0],"rotation":90,"texture":"#0"}}},{"from":[10.55037,8.53315,7.83],"to":[10.77037,10.83315,8.17],"rotation":{"angle":-45,"axis":"z","origin":[10.66037,9.93815,8.1]},"faces":{"north":{"uv":[0,0,1,1],"rotation":270,"texture":"#0"},"east":{"uv":[0,0,1,1],"rotation":90,"texture":"#0"},"south":{"uv":[0,0,1,1],"rotation":90,"texture":"#0"},"west":{"uv":[0,0,1,1],"rotation":90,"texture":"#0"},"down":{"uv":[0,0,1,1],"rotation":90,"texture":"#0"}}},{"from":[9.53366,10.54889,7.83],"to":[9.75366,13.35889,8.17],"rotation":{"angle":-22.5,"axis":"z","origin":[5.24366,11.00889,8.1]},"faces":{"north":{"uv":[0,0,1,1],"rotation":270,"texture":"#0"},"east":{"uv":[0,0,1,1],"rotation":90,"texture":"#0"},"south":{"uv":[0,0,1,1],"rotation":90,"texture":"#0"},"west":{"uv":[0,0,1,1],"rotation":90,"texture":"#0"},"down":{"uv":[0,0,1,1],"rotation":90,"texture":"#0"}}},{"from":[8.49,9.08315,7.83],"to":[8.71,11.68315,8.17],"rotation":{"angle":0,"axis":"z","origin":[8.6,10.48815,8.1]},"faces":{"north":{"uv":[0,0,1,1],"rotation":270,"texture":"#0"},"east":{"uv":[0,0,1,1],"rotation":90,"texture":"#0"},"south":{"uv":[0,0,1,1],"rotation":90,"texture":"#0"},"west":{"uv":[0,0,1,1],"rotation":90,"texture":"#0"},"down":{"uv":[0,0,1,1],"rotation":90,"texture":"#0"}}},{"from":[7.29,9.08315,7.83],"to":[7.51,11.68315,8.17],"rotation":{"angle":0,"axis":"z","origin":[7.4,10.48815,8.1]},"faces":{"north":{"uv":[0,0,1,1],"rotation":270,"texture":"#0"},"east":{"uv":[0,0,1,1],"rotation":90,"texture":"#0"},"south":{"uv":[0,0,1,1],"rotation":90,"texture":"#0"},"west":{"uv":[0,0,1,1],"rotation":90,"texture":"#0"},"down":{"uv":[0,0,1,1],"rotation":90,"texture":"#0"}}},{"from":[5.57616,10.91084,7.73],"to":[6.49616,11.23084,8.27],"rotation":{"angle":22.5,"axis":"z","origin":[4.68616,10.79084,8]},"faces":{"north":{"uv":[1,1,0,0],"texture":"#0"},"south":{"uv":[1,1,0,0],"texture":"#0"},"west":{"uv":[1,1,0,0],"texture":"#0"},"up":{"uv":[1,1,0,0],"texture":"#0"},"down":{"uv":[1,1,0,0],"texture":"#0"}}},{"from":[4.43254,10.92488,7.73],"to":[5.55254,11.24488,8.27],"rotation":{"angle":45,"axis":"z","origin":[5.09254,11.13488,8]},"faces":{"north":{"uv":[1,1,0,0],"texture":"#0"},"south":{"uv":[1,1,0,0],"texture":"#0"},"west":{"uv":[1,1,0,0],"texture":"#0"},"up":{"uv":[1,1,0,0],"texture":"#0"},"down":{"uv":[1,1,0,0],"texture":"#0"}}},{"from":[4.36366,9.81889,7.73],"to":[4.68366,10.73889,8.27],"rotation":{"angle":-22.5,"axis":"z","origin":[4.47366,10.27889,8]},"faces":{"north":{"uv":[0,0,1,1],"rotation":270,"texture":"#0"},"east":{"uv":[0,0,1,1],"rotation":90,"texture":"#0"},"south":{"uv":[0,0,1,1],"rotation":90,"texture":"#0"},"west":{"uv":[0,0,1,1],"rotation":90,"texture":"#0"},"down":{"uv":[0,0,1,1],"rotation":90,"texture":"#0"}}},{"from":[12.54641,11.16718,7.73],"to":[14.56641,11.71718,8.27],"rotation":{"angle":45,"axis":"z","origin":[14.50641,11.60718,8]},"faces":{"north":{"uv":[0,0,1,1],"texture":"#0"},"east":{"uv":[0,0,1,1],"texture":"#0"},"south":{"uv":[0,0,1,1],"texture":"#0"},"up":{"uv":[0,0,1,1],"texture":"#0"},"down":{"uv":[0,0,1,1],"texture":"#0"}}},{"from":[14.97636,11.36704,7.73],"to":[15.46636,13.18704,8.27],"rotation":{"angle":-22.5,"axis":"z","origin":[15.09136,12.87704,8]},"faces":{"north":{"uv":[0,0,1,1],"texture":"#0"},"east":{"uv":[0,0,1,1],"texture":"#0"},"south":{"uv":[0,0,1,1],"texture":"#0"},"west":{"uv":[0,0,1,1],"texture":"#0"},"up":{"uv":[0,0,1,1],"texture":"#0"}}},{"from":[15.10645,13.01994,7.73],"to":[15.55645,16.43994,8.27],"rotation":{"angle":0,"axis":"z","origin":[15.31145,13.92994,8]},"faces":{"north":{"uv":[0,0,1,1],"texture":"#0"},"east":{"uv":[0,0,1,1],"texture":"#0"},"south":{"uv":[0,0,1,1],"texture":"#0"},"west":{"uv":[0,0,1,1],"texture":"#0"}}},{"from":[14.70966,16.26553,7.73],"to":[15.12966,18.58553,8.27],"rotation":{"angle":22.5,"axis":"z","origin":[14.90466,17.42553,8]},"faces":{"north":{"uv":[0,0,1,1],"texture":"#0"},"east":{"uv":[0,0,1,1],"texture":"#0"},"south":{"uv":[0,0,1,1],"texture":"#0"},"west":{"uv":[0,0,1,1],"texture":"#0"}}},{"from":[13.52428,18.08448,7.73],"to":[13.91428,20.40448,8.27],"rotation":{"angle":45,"axis":"z","origin":[13.68928,19.24448,8]},"faces":{"north":{"uv":[0,0,1,1],"texture":"#0"},"east":{"uv":[0,0,1,1],"texture":"#0"},"south":{"uv":[0,0,1,1],"texture":"#0"},"west":{"uv":[0,0,1,1],"texture":"#0"}}},{"from":[10.72181,20.29258,7.73],"to":[13.04181,20.68258,8.27],"rotation":{"angle":-22.5,"axis":"z","origin":[11.88181,20.48758,8]},"faces":{"north":{"uv":[0,0,1,1],"texture":"#0"},"south":{"uv":[0,0,1,1],"texture":"#0"},"up":{"uv":[0,0,1,1],"texture":"#0"},"down":{"uv":[0,0,1,1],"texture":"#0"}}},{"from":[5.11527,20.72165,7.73],"to":[10.88527,21.11165,8.27],"rotation":{"angle":0,"axis":"z","origin":[6.27527,20.91665,8]},"faces":{"north":{"uv":[0,0,1,1],"texture":"#0"},"east":{"uv":[0,0,1,1],"texture":"#0"},"south":{"uv":[0,0,1,1],"texture":"#0"},"up":{"uv":[0,0,1,1],"texture":"#0"},"down":{"uv":[0,0,1,1],"texture":"#0"}}},{"from":[7.66,0,7.73],"to":[8.34,0.3,8.27],"rotation":{"angle":0,"axis":"y","origin":[7.54,0,7.73]},"faces":{"north":{"uv":[0,0,1,1],"texture":"#0"},"east":{"uv":[0,0,1,1],"texture":"#0"},"south":{"uv":[0,0,1,1],"texture":"#0"},"west":{"uv":[0,0,1,1],"texture":"#0"},"down":{"uv":[0,0,1,1],"texture":"#0"}}},{"from":[0.5,8.9,7.78],"to":[15.5,20.9,8.22],"rotation":{"angle":0,"axis":"y","origin":[7.2,7.5,7.78]},"faces":{"north":{"uv":[0,0,15,12],"texture":"#1"},"south":{"uv":[0,0,15,12],"texture":"#1"}}}],"display":{"thirdperson_righthand":{"rotation":[0,-20,0],"translation":[0,2.25,0],"scale":[0.66,0.66,0.66]},"thirdperson_lefthand":{"rotation":[0,-20,0],"translation":[0,2.25,0],"scale":[0.66,0.66,0.66]},"firstperson_righthand":{"rotation":[-26,-29,0],"translation":[0.25,2.25,0],"scale":[0.53,0.53,0.53]},"firstperson_lefthand":{"rotation":[-26,-29,0],"translation":[0.25,2.25,0],"scale":[0.53,0.53,0.53]},"ground":{"rotation":[90,0,0],"translation":[0,-2,-3],"scale":[0.63,0.63,0.63]},"gui":{"rotation":[0,0,45],"translation":[2.5,-2.25,0],"scale":[0.74,0.74,0.74]},"head":{"translation":[0,8.5,0],"scale":[0.85,0.85,0.85]},"fixed":{"rotation":[0,0,-45],"translation":[-2.5,-2.75,0],"scale":[0.83,0.83,0.83]}}}